,Acquisition Function,Belief Function,Trial,Round,Index,Value
0,ThompsonSampling,ThompsonSampling,0,0,0,2.949876070022583
1,ThompsonSampling,ThompsonSampling,0,0,1,3.2691385746002197
2,ThompsonSampling,ThompsonSampling,0,0,2,2.9838321208953857
3,ThompsonSampling,ThompsonSampling,0,0,3,3.1696979999542236
4,ThompsonSampling,ThompsonSampling,0,0,4,3.3468081951141357
5,ThompsonSampling,ThompsonSampling,0,0,5,2.6883747577667236
6,ThompsonSampling,ThompsonSampling,0,0,6,2.794528007507324
7,ThompsonSampling,ThompsonSampling,0,0,7,2.6910650730133057
8,ThompsonSampling,ThompsonSampling,0,0,8,2.374790906906128
9,ThompsonSampling,ThompsonSampling,0,0,9,3.042506456375122
10,ThompsonSampling,ThompsonSampling,0,0,10,2.9138803482055664
11,ThompsonSampling,ThompsonSampling,0,0,11,3.042369842529297
12,ThompsonSampling,ThompsonSampling,0,0,12,2.691349744796753
13,ThompsonSampling,ThompsonSampling,0,0,13,3.138352632522583
14,ThompsonSampling,ThompsonSampling,0,0,14,2.380483627319336
15,ThompsonSampling,ThompsonSampling,0,0,15,3.177593946456909
16,ThompsonSampling,ThompsonSampling,0,0,16,2.991887092590332
17,ThompsonSampling,ThompsonSampling,0,0,17,3.355663537979126
18,ThompsonSampling,ThompsonSampling,0,0,18,2.8383374214172363
19,ThompsonSampling,ThompsonSampling,0,0,19,2.5712409019470215
20,ThompsonSampling,ThompsonSampling,0,0,20,2.5802855491638184
21,ThompsonSampling,ThompsonSampling,0,0,21,3.577049732208252
22,ThompsonSampling,ThompsonSampling,0,0,22,2.8406732082366943
23,ThompsonSampling,ThompsonSampling,0,0,23,2.414555549621582
24,ThompsonSampling,ThompsonSampling,0,0,24,3.0750784873962402
25,ThompsonSampling,ThompsonSampling,0,0,25,2.5158426761627197
26,ThompsonSampling,ThompsonSampling,0,0,26,2.7271718978881836
27,ThompsonSampling,ThompsonSampling,0,0,27,2.8067750930786133
28,ThompsonSampling,ThompsonSampling,0,0,28,2.669112205505371
29,ThompsonSampling,ThompsonSampling,0,0,29,2.534093141555786
30,ThompsonSampling,ThompsonSampling,0,0,30,3.2746949195861816
31,ThompsonSampling,ThompsonSampling,0,0,31,3.0621814727783203
32,ThompsonSampling,ThompsonSampling,0,0,32,2.399479866027832
33,ThompsonSampling,ThompsonSampling,0,0,33,2.8282809257507324
34,ThompsonSampling,ThompsonSampling,0,0,34,3.1071081161499023
35,ThompsonSampling,ThompsonSampling,0,0,35,2.5036275386810303
36,ThompsonSampling,ThompsonSampling,0,0,36,2.710881471633911
37,ThompsonSampling,ThompsonSampling,0,0,37,2.8115079402923584
38,ThompsonSampling,ThompsonSampling,0,0,38,2.6543772220611572
39,ThompsonSampling,ThompsonSampling,0,0,39,3.1076369285583496
40,ThompsonSampling,ThompsonSampling,0,0,40,2.9189164638519287
41,ThompsonSampling,ThompsonSampling,0,0,41,3.218858242034912
42,ThompsonSampling,ThompsonSampling,0,0,42,2.8228776454925537
43,ThompsonSampling,ThompsonSampling,0,0,43,2.354470729827881
44,ThompsonSampling,ThompsonSampling,0,0,44,3.0747876167297363
45,ThompsonSampling,ThompsonSampling,0,0,45,2.8386685848236084
46,ThompsonSampling,ThompsonSampling,0,0,46,2.9566965103149414
47,ThompsonSampling,ThompsonSampling,0,0,47,2.959719657897949
48,ThompsonSampling,ThompsonSampling,0,0,48,3.065218448638916
49,ThompsonSampling,ThompsonSampling,0,0,49,2.551948308944702
50,ThompsonSampling,ThompsonSampling,0,0,50,3.3825178146362305
51,ThompsonSampling,ThompsonSampling,0,0,51,2.893465995788574
52,ThompsonSampling,ThompsonSampling,0,0,52,3.7037150859832764
53,ThompsonSampling,ThompsonSampling,0,0,53,2.80682373046875
54,ThompsonSampling,ThompsonSampling,0,0,54,2.746715545654297
55,ThompsonSampling,ThompsonSampling,0,0,55,3.105454206466675
56,ThompsonSampling,ThompsonSampling,0,0,56,2.3652055263519287
57,ThompsonSampling,ThompsonSampling,0,0,57,2.479724407196045
58,ThompsonSampling,ThompsonSampling,0,0,58,3.227813243865967
59,ThompsonSampling,ThompsonSampling,0,0,59,2.4606668949127197
60,ThompsonSampling,ThompsonSampling,0,0,60,2.4915499687194824
61,ThompsonSampling,ThompsonSampling,0,0,61,2.727132558822632
62,ThompsonSampling,ThompsonSampling,0,0,62,3.1040592193603516
63,ThompsonSampling,ThompsonSampling,0,0,63,3.2768044471740723
64,ThompsonSampling,ThompsonSampling,0,0,64,2.290522575378418
65,ThompsonSampling,ThompsonSampling,0,0,65,3.168982982635498
66,ThompsonSampling,ThompsonSampling,0,0,66,2.353508234024048
67,ThompsonSampling,ThompsonSampling,0,0,67,3.090425968170166
68,ThompsonSampling,ThompsonSampling,0,0,68,2.689502716064453
69,ThompsonSampling,ThompsonSampling,0,0,69,2.373674154281616
70,ThompsonSampling,ThompsonSampling,0,0,70,2.696265459060669
71,ThompsonSampling,ThompsonSampling,0,0,71,2.644414186477661
72,ThompsonSampling,ThompsonSampling,0,0,72,3.297644853591919
73,ThompsonSampling,ThompsonSampling,0,0,73,3.3154876232147217
74,ThompsonSampling,ThompsonSampling,0,0,74,2.502562999725342
75,ThompsonSampling,ThompsonSampling,0,0,75,2.885967493057251
76,ThompsonSampling,ThompsonSampling,0,0,76,2.4458956718444824
77,ThompsonSampling,ThompsonSampling,0,0,77,2.7307791709899902
78,ThompsonSampling,ThompsonSampling,0,0,78,2.7926385402679443
79,ThompsonSampling,ThompsonSampling,0,0,79,2.4720542430877686
80,ThompsonSampling,ThompsonSampling,0,0,80,2.734895706176758
81,ThompsonSampling,ThompsonSampling,0,0,81,2.5523319244384766
82,ThompsonSampling,ThompsonSampling,0,0,82,2.7425992488861084
83,ThompsonSampling,ThompsonSampling,0,0,83,2.286142587661743
84,ThompsonSampling,ThompsonSampling,0,0,84,2.9848034381866455
85,ThompsonSampling,ThompsonSampling,0,0,85,3.0537078380584717
86,ThompsonSampling,ThompsonSampling,0,0,86,3.130272388458252
87,ThompsonSampling,ThompsonSampling,0,0,87,2.5633857250213623
88,ThompsonSampling,ThompsonSampling,0,0,88,3.035961151123047
89,ThompsonSampling,ThompsonSampling,0,0,89,2.8637120723724365
90,ThompsonSampling,ThompsonSampling,0,0,90,2.8030455112457275
91,ThompsonSampling,ThompsonSampling,0,0,91,2.5513932704925537
92,ThompsonSampling,ThompsonSampling,0,0,92,2.9528443813323975
93,ThompsonSampling,ThompsonSampling,0,0,93,3.6649973392486572
94,ThompsonSampling,ThompsonSampling,0,0,94,2.4628098011016846
95,ThompsonSampling,ThompsonSampling,0,0,95,2.9461240768432617
96,ThompsonSampling,ThompsonSampling,0,0,96,2.6910486221313477
97,ThompsonSampling,ThompsonSampling,0,0,97,3.0784733295440674
98,ThompsonSampling,ThompsonSampling,0,0,98,3.414201498031616
99,ThompsonSampling,ThompsonSampling,0,0,99,2.991382122039795
100,ThompsonSampling,ThompsonSampling,0,0,100,3.74578595161438
101,ThompsonSampling,ThompsonSampling,0,0,101,2.8949012756347656
102,ThompsonSampling,ThompsonSampling,0,0,102,2.6793911457061768
103,ThompsonSampling,ThompsonSampling,0,0,103,2.2656233310699463
104,ThompsonSampling,ThompsonSampling,0,0,104,2.9713799953460693
105,ThompsonSampling,ThompsonSampling,0,0,105,3.5475993156433105
106,ThompsonSampling,ThompsonSampling,0,0,106,2.985933780670166
107,ThompsonSampling,ThompsonSampling,0,0,107,2.950157880783081
108,ThompsonSampling,ThompsonSampling,0,0,108,3.034590005874634
109,ThompsonSampling,ThompsonSampling,0,0,109,2.496635675430298
110,ThompsonSampling,ThompsonSampling,0,0,110,2.4174156188964844
111,ThompsonSampling,ThompsonSampling,0,0,111,2.3619706630706787
112,ThompsonSampling,ThompsonSampling,0,0,112,2.6762161254882812
113,ThompsonSampling,ThompsonSampling,0,0,113,2.691835880279541
114,ThompsonSampling,ThompsonSampling,0,0,114,3.0164430141448975
115,ThompsonSampling,ThompsonSampling,0,0,115,3.7343149185180664
116,ThompsonSampling,ThompsonSampling,0,0,116,3.0404603481292725
117,ThompsonSampling,ThompsonSampling,0,0,117,2.7582855224609375
118,ThompsonSampling,ThompsonSampling,0,0,118,2.533961057662964
119,ThompsonSampling,ThompsonSampling,0,0,119,2.570066452026367
120,ThompsonSampling,ThompsonSampling,0,0,120,2.478144884109497
121,ThompsonSampling,ThompsonSampling,0,0,121,2.9424405097961426
122,ThompsonSampling,ThompsonSampling,0,0,122,2.9549882411956787
123,ThompsonSampling,ThompsonSampling,0,0,123,3.285700559616089
124,ThompsonSampling,ThompsonSampling,0,0,124,3.238607883453369
125,ThompsonSampling,ThompsonSampling,0,0,125,2.8710689544677734
126,ThompsonSampling,ThompsonSampling,0,0,126,2.8181259632110596
127,ThompsonSampling,ThompsonSampling,0,0,127,2.550494909286499
128,ThompsonSampling,ThompsonSampling,0,0,128,2.902374267578125
129,ThompsonSampling,ThompsonSampling,0,0,129,3.0607705116271973
130,ThompsonSampling,ThompsonSampling,0,0,130,2.8716468811035156
131,ThompsonSampling,ThompsonSampling,0,0,131,2.959252119064331
132,ThompsonSampling,ThompsonSampling,0,0,132,3.463186502456665
133,ThompsonSampling,ThompsonSampling,0,0,133,2.8792335987091064
134,ThompsonSampling,ThompsonSampling,0,0,134,3.1143040657043457
135,ThompsonSampling,ThompsonSampling,0,0,135,2.899487257003784
136,ThompsonSampling,ThompsonSampling,0,0,136,3.1027157306671143
137,ThompsonSampling,ThompsonSampling,0,0,137,2.858354091644287
138,ThompsonSampling,ThompsonSampling,0,0,138,3.7350544929504395
139,ThompsonSampling,ThompsonSampling,0,0,139,2.5787980556488037
140,ThompsonSampling,ThompsonSampling,0,0,140,3.0594334602355957
141,ThompsonSampling,ThompsonSampling,0,0,141,3.6912670135498047
142,ThompsonSampling,ThompsonSampling,0,0,142,2.923177480697632
143,ThompsonSampling,ThompsonSampling,0,0,143,3.4209938049316406
144,ThompsonSampling,ThompsonSampling,0,0,144,3.4003405570983887
145,ThompsonSampling,ThompsonSampling,0,0,145,2.7929959297180176
146,ThompsonSampling,ThompsonSampling,0,0,146,2.788975477218628
147,ThompsonSampling,ThompsonSampling,0,0,147,3.227735996246338
148,ThompsonSampling,ThompsonSampling,0,0,148,2.978273630142212
149,ThompsonSampling,ThompsonSampling,0,0,149,2.8419158458709717
150,ThompsonSampling,ThompsonSampling,0,0,150,3.066558837890625
151,ThompsonSampling,ThompsonSampling,0,0,151,2.6955084800720215
152,ThompsonSampling,ThompsonSampling,0,0,152,2.901150941848755
153,ThompsonSampling,ThompsonSampling,0,0,153,2.6941006183624268
154,ThompsonSampling,ThompsonSampling,0,0,154,2.8389763832092285
155,ThompsonSampling,ThompsonSampling,0,0,155,3.070188283920288
156,ThompsonSampling,ThompsonSampling,0,0,156,2.741107702255249
157,ThompsonSampling,ThompsonSampling,0,0,157,4.002683639526367
158,ThompsonSampling,ThompsonSampling,0,0,158,3.396934747695923
159,ThompsonSampling,ThompsonSampling,0,0,159,2.731870174407959
160,ThompsonSampling,ThompsonSampling,0,0,160,2.8507320880889893
161,ThompsonSampling,ThompsonSampling,0,0,161,2.736050844192505
162,ThompsonSampling,ThompsonSampling,0,0,162,3.268866539001465
163,ThompsonSampling,ThompsonSampling,0,0,163,2.9358131885528564
164,ThompsonSampling,ThompsonSampling,0,0,164,3.1690402030944824
165,ThompsonSampling,ThompsonSampling,0,0,165,2.7665765285491943
166,ThompsonSampling,ThompsonSampling,0,0,166,2.999541997909546
167,ThompsonSampling,ThompsonSampling,0,0,167,2.702638864517212
168,ThompsonSampling,ThompsonSampling,0,0,168,3.1284615993499756
169,ThompsonSampling,ThompsonSampling,0,0,169,2.598783493041992
170,ThompsonSampling,ThompsonSampling,0,0,170,3.7676336765289307
171,ThompsonSampling,ThompsonSampling,0,0,171,2.9193289279937744
172,ThompsonSampling,ThompsonSampling,0,0,172,2.9779951572418213
173,ThompsonSampling,ThompsonSampling,0,0,173,2.830127716064453
174,ThompsonSampling,ThompsonSampling,0,0,174,3.6079111099243164
175,ThompsonSampling,ThompsonSampling,0,0,175,2.742274761199951
176,ThompsonSampling,ThompsonSampling,0,0,176,3.29752254486084
177,ThompsonSampling,ThompsonSampling,0,0,177,2.5669631958007812
178,ThompsonSampling,ThompsonSampling,0,0,178,3.0134968757629395
179,ThompsonSampling,ThompsonSampling,0,0,179,2.5152556896209717
180,ThompsonSampling,ThompsonSampling,0,0,180,3.029996395111084
181,ThompsonSampling,ThompsonSampling,0,0,181,2.7267134189605713
182,ThompsonSampling,ThompsonSampling,0,0,182,2.976686954498291
183,ThompsonSampling,ThompsonSampling,0,0,183,2.3491289615631104
184,ThompsonSampling,ThompsonSampling,0,0,184,2.624514579772949
185,ThompsonSampling,ThompsonSampling,0,0,185,2.907071828842163
186,ThompsonSampling,ThompsonSampling,0,0,186,3.021895408630371
187,ThompsonSampling,ThompsonSampling,0,0,187,2.823347568511963
188,ThompsonSampling,ThompsonSampling,0,0,188,3.0961928367614746
189,ThompsonSampling,ThompsonSampling,0,0,189,3.9169528484344482
190,ThompsonSampling,ThompsonSampling,0,0,190,3.1303317546844482
191,ThompsonSampling,ThompsonSampling,0,0,191,2.6743407249450684
192,ThompsonSampling,ThompsonSampling,0,0,192,2.503934383392334
193,ThompsonSampling,ThompsonSampling,0,0,193,3.3420193195343018
194,ThompsonSampling,ThompsonSampling,0,0,194,2.37920880317688
195,ThompsonSampling,ThompsonSampling,0,0,195,2.98970627784729
196,ThompsonSampling,ThompsonSampling,0,0,196,3.229191541671753
197,ThompsonSampling,ThompsonSampling,0,0,197,3.0569121837615967
198,ThompsonSampling,ThompsonSampling,0,0,198,2.5695576667785645
199,ThompsonSampling,ThompsonSampling,0,0,199,2.891916275024414
200,ThompsonSampling,ThompsonSampling,0,0,200,2.4836618900299072
201,ThompsonSampling,ThompsonSampling,0,0,201,2.9055120944976807
202,ThompsonSampling,ThompsonSampling,0,0,202,3.2928953170776367
203,ThompsonSampling,ThompsonSampling,0,0,203,2.941883087158203
204,ThompsonSampling,ThompsonSampling,0,0,204,2.977020502090454
205,ThompsonSampling,ThompsonSampling,0,0,205,3.0662107467651367
206,ThompsonSampling,ThompsonSampling,0,0,206,2.9317219257354736
207,ThompsonSampling,ThompsonSampling,0,0,207,2.630192518234253
208,ThompsonSampling,ThompsonSampling,0,0,208,3.2158126831054688
209,ThompsonSampling,ThompsonSampling,0,0,209,3.4560000896453857
210,ThompsonSampling,ThompsonSampling,0,0,210,2.8577487468719482
211,ThompsonSampling,ThompsonSampling,0,0,211,2.584909439086914
212,ThompsonSampling,ThompsonSampling,0,0,212,2.851905584335327
213,ThompsonSampling,ThompsonSampling,0,0,213,3.16127347946167
214,ThompsonSampling,ThompsonSampling,0,0,214,3.1794192790985107
215,ThompsonSampling,ThompsonSampling,0,0,215,3.148054599761963
216,ThompsonSampling,ThompsonSampling,0,0,216,2.8308088779449463
217,ThompsonSampling,ThompsonSampling,0,0,217,2.9450485706329346
218,ThompsonSampling,ThompsonSampling,0,0,218,2.500126838684082
219,ThompsonSampling,ThompsonSampling,0,0,219,2.7164652347564697
220,ThompsonSampling,ThompsonSampling,0,0,220,2.532810926437378
221,ThompsonSampling,ThompsonSampling,0,0,221,2.7634804248809814
222,ThompsonSampling,ThompsonSampling,0,0,222,2.9169321060180664
223,ThompsonSampling,ThompsonSampling,0,0,223,2.903646945953369
224,ThompsonSampling,ThompsonSampling,0,0,224,2.5638511180877686
225,ThompsonSampling,ThompsonSampling,0,0,225,2.937434673309326
226,ThompsonSampling,ThompsonSampling,0,0,226,2.8000855445861816
227,ThompsonSampling,ThompsonSampling,0,0,227,2.886319160461426
228,ThompsonSampling,ThompsonSampling,0,0,228,3.43410062789917
229,ThompsonSampling,ThompsonSampling,0,0,229,3.5108180046081543
230,ThompsonSampling,ThompsonSampling,0,0,230,2.9090631008148193
231,ThompsonSampling,ThompsonSampling,0,0,231,4.449851989746094
232,ThompsonSampling,ThompsonSampling,0,0,232,2.853081464767456
233,ThompsonSampling,ThompsonSampling,0,0,233,3.02012300491333
234,ThompsonSampling,ThompsonSampling,0,0,234,2.9851157665252686
235,ThompsonSampling,ThompsonSampling,0,0,235,2.7627713680267334
236,ThompsonSampling,ThompsonSampling,0,0,236,2.9298577308654785
237,ThompsonSampling,ThompsonSampling,0,0,237,2.7928218841552734
238,ThompsonSampling,ThompsonSampling,0,0,238,2.644641876220703
239,ThompsonSampling,ThompsonSampling,0,0,239,2.4387242794036865
240,ThompsonSampling,ThompsonSampling,0,0,240,3.132324457168579
241,ThompsonSampling,ThompsonSampling,0,0,241,2.857853412628174
242,ThompsonSampling,ThompsonSampling,0,0,242,2.4880402088165283
243,ThompsonSampling,ThompsonSampling,0,0,243,2.922778606414795
244,ThompsonSampling,ThompsonSampling,0,0,244,4.479691028594971
245,ThompsonSampling,ThompsonSampling,0,0,245,3.5564944744110107
246,ThompsonSampling,ThompsonSampling,0,0,246,3.043651580810547
247,ThompsonSampling,ThompsonSampling,0,0,247,2.457562208175659
248,ThompsonSampling,ThompsonSampling,0,0,248,2.534236431121826
249,ThompsonSampling,ThompsonSampling,0,0,249,3.181666374206543
250,ThompsonSampling,ThompsonSampling,0,0,250,2.485830545425415
251,ThompsonSampling,ThompsonSampling,0,0,251,3.1336348056793213
252,ThompsonSampling,ThompsonSampling,0,0,252,2.682971954345703
253,ThompsonSampling,ThompsonSampling,0,0,253,2.7696404457092285
254,ThompsonSampling,ThompsonSampling,0,0,254,3.116100788116455
255,ThompsonSampling,ThompsonSampling,0,0,255,2.935720682144165
256,ThompsonSampling,ThompsonSampling,0,0,256,2.725893974304199
257,ThompsonSampling,ThompsonSampling,0,0,257,2.474498987197876
258,ThompsonSampling,ThompsonSampling,0,0,258,2.8966989517211914
259,ThompsonSampling,ThompsonSampling,0,0,259,3.7079648971557617
260,ThompsonSampling,ThompsonSampling,0,0,260,2.3549294471740723
261,ThompsonSampling,ThompsonSampling,0,0,261,2.8853096961975098
262,ThompsonSampling,ThompsonSampling,0,0,262,2.492715835571289
263,ThompsonSampling,ThompsonSampling,0,0,263,3.3621368408203125
264,ThompsonSampling,ThompsonSampling,0,0,264,2.930757522583008
265,ThompsonSampling,ThompsonSampling,0,0,265,2.783405065536499
266,ThompsonSampling,ThompsonSampling,0,0,266,2.8663556575775146
267,ThompsonSampling,ThompsonSampling,0,0,267,2.564923048019409
268,ThompsonSampling,ThompsonSampling,0,0,268,2.9840564727783203
269,ThompsonSampling,ThompsonSampling,0,0,269,3.063255786895752
270,ThompsonSampling,ThompsonSampling,0,0,270,2.950939178466797
271,ThompsonSampling,ThompsonSampling,0,0,271,2.7818076610565186
272,ThompsonSampling,ThompsonSampling,0,0,272,2.5098679065704346
273,ThompsonSampling,ThompsonSampling,0,0,273,3.2690505981445312
274,ThompsonSampling,ThompsonSampling,0,0,274,3.1146249771118164
275,ThompsonSampling,ThompsonSampling,0,0,275,2.251875400543213
276,ThompsonSampling,ThompsonSampling,0,0,276,2.3157544136047363
277,ThompsonSampling,ThompsonSampling,0,0,277,2.9717609882354736
278,ThompsonSampling,ThompsonSampling,0,0,278,3.497316837310791
279,ThompsonSampling,ThompsonSampling,0,0,279,2.882031202316284
280,ThompsonSampling,ThompsonSampling,0,0,280,2.6919102668762207
281,ThompsonSampling,ThompsonSampling,0,0,281,2.8879811763763428
282,ThompsonSampling,ThompsonSampling,0,0,282,3.063687562942505
283,ThompsonSampling,ThompsonSampling,0,0,283,3.8248040676116943
284,ThompsonSampling,ThompsonSampling,0,0,284,2.6589741706848145
285,ThompsonSampling,ThompsonSampling,0,0,285,2.755784034729004
286,ThompsonSampling,ThompsonSampling,0,0,286,2.4470314979553223
287,ThompsonSampling,ThompsonSampling,0,0,287,3.0411908626556396
288,ThompsonSampling,ThompsonSampling,0,0,288,2.897714853286743
289,ThompsonSampling,ThompsonSampling,0,0,289,2.7061939239501953
290,ThompsonSampling,ThompsonSampling,0,0,290,2.7759997844696045
291,ThompsonSampling,ThompsonSampling,0,0,291,2.7632434368133545
292,ThompsonSampling,ThompsonSampling,0,0,292,3.442150831222534
293,ThompsonSampling,ThompsonSampling,0,0,293,2.8945682048797607
294,ThompsonSampling,ThompsonSampling,0,0,294,3.03930926322937
295,ThompsonSampling,ThompsonSampling,0,0,295,2.762810468673706
296,ThompsonSampling,ThompsonSampling,0,0,296,3.117997884750366
297,ThompsonSampling,ThompsonSampling,0,0,297,2.844963550567627
298,ThompsonSampling,ThompsonSampling,0,0,298,2.947913646697998
299,ThompsonSampling,ThompsonSampling,0,0,299,2.851559638977051
300,ThompsonSampling,ThompsonSampling,0,0,300,3.654040575027466
301,ThompsonSampling,ThompsonSampling,0,0,301,3.3577182292938232
302,ThompsonSampling,ThompsonSampling,0,0,302,3.7515153884887695
303,ThompsonSampling,ThompsonSampling,0,0,303,2.910745859146118
304,ThompsonSampling,ThompsonSampling,0,0,304,2.5968480110168457
305,ThompsonSampling,ThompsonSampling,0,0,305,2.6128625869750977
306,ThompsonSampling,ThompsonSampling,0,0,306,2.6309866905212402
307,ThompsonSampling,ThompsonSampling,0,0,307,2.728990316390991
308,ThompsonSampling,ThompsonSampling,0,0,308,2.9139981269836426
309,ThompsonSampling,ThompsonSampling,0,0,309,2.8130064010620117
310,ThompsonSampling,ThompsonSampling,0,0,310,3.0495588779449463
311,ThompsonSampling,ThompsonSampling,0,0,311,2.6969432830810547
312,ThompsonSampling,ThompsonSampling,0,0,312,3.226632833480835
313,ThompsonSampling,ThompsonSampling,0,0,313,3.0523526668548584
314,ThompsonSampling,ThompsonSampling,0,0,314,3.0665745735168457
315,ThompsonSampling,ThompsonSampling,0,0,315,3.3494668006896973
316,ThompsonSampling,ThompsonSampling,0,0,316,2.98464035987854
317,ThompsonSampling,ThompsonSampling,0,0,317,3.9675498008728027
318,ThompsonSampling,ThompsonSampling,0,0,318,2.7591171264648438
319,ThompsonSampling,ThompsonSampling,0,0,319,2.807826519012451
320,ThompsonSampling,ThompsonSampling,0,0,320,3.0179049968719482
321,ThompsonSampling,ThompsonSampling,0,0,321,2.7033321857452393
322,ThompsonSampling,ThompsonSampling,0,0,322,2.844700574874878
323,ThompsonSampling,ThompsonSampling,0,0,323,2.6791574954986572
324,ThompsonSampling,ThompsonSampling,0,0,324,2.823352575302124
325,ThompsonSampling,ThompsonSampling,0,0,325,2.517886161804199
326,ThompsonSampling,ThompsonSampling,0,0,326,2.7127768993377686
327,ThompsonSampling,ThompsonSampling,0,0,327,2.9282827377319336
328,ThompsonSampling,ThompsonSampling,0,0,328,2.588158369064331
329,ThompsonSampling,ThompsonSampling,0,0,329,2.6812777519226074
330,ThompsonSampling,ThompsonSampling,0,0,330,3.2124550342559814
331,ThompsonSampling,ThompsonSampling,0,0,331,2.6680967807769775
332,ThompsonSampling,ThompsonSampling,0,0,332,3.040804147720337
333,ThompsonSampling,ThompsonSampling,0,0,333,2.6605029106140137
334,ThompsonSampling,ThompsonSampling,0,0,334,2.393216133117676
335,ThompsonSampling,ThompsonSampling,0,0,335,2.7656161785125732
336,ThompsonSampling,ThompsonSampling,0,0,336,3.3648834228515625
337,ThompsonSampling,ThompsonSampling,0,0,337,3.028057098388672
338,ThompsonSampling,ThompsonSampling,0,0,338,3.382453680038452
339,ThompsonSampling,ThompsonSampling,0,0,339,3.9566824436187744
340,ThompsonSampling,ThompsonSampling,0,0,340,2.6746814250946045
341,ThompsonSampling,ThompsonSampling,0,0,341,2.633601427078247
342,ThompsonSampling,ThompsonSampling,0,0,342,2.540153980255127
343,ThompsonSampling,ThompsonSampling,0,0,343,2.942445993423462
344,ThompsonSampling,ThompsonSampling,0,0,344,2.792496681213379
345,ThompsonSampling,ThompsonSampling,0,0,345,2.6706323623657227
346,ThompsonSampling,ThompsonSampling,0,0,346,2.79416823387146
347,ThompsonSampling,ThompsonSampling,0,0,347,2.99721622467041
348,ThompsonSampling,ThompsonSampling,0,0,348,2.4185855388641357
349,ThompsonSampling,ThompsonSampling,0,0,349,3.0629115104675293
350,ThompsonSampling,ThompsonSampling,0,0,350,2.9966115951538086
351,ThompsonSampling,ThompsonSampling,0,0,351,2.6061887741088867
352,ThompsonSampling,ThompsonSampling,0,0,352,2.537564992904663
353,ThompsonSampling,ThompsonSampling,0,0,353,2.7278151512145996
354,ThompsonSampling,ThompsonSampling,0,0,354,2.345979690551758
355,ThompsonSampling,ThompsonSampling,0,0,355,3.329582691192627
356,ThompsonSampling,ThompsonSampling,0,0,356,2.337764263153076
357,ThompsonSampling,ThompsonSampling,0,0,357,2.441852569580078
358,ThompsonSampling,ThompsonSampling,0,0,358,2.6735939979553223
359,ThompsonSampling,ThompsonSampling,0,0,359,2.765782594680786
360,ThompsonSampling,ThompsonSampling,0,0,360,2.554269790649414
361,ThompsonSampling,ThompsonSampling,0,0,361,2.886016368865967
362,ThompsonSampling,ThompsonSampling,0,0,362,3.0394911766052246
363,ThompsonSampling,ThompsonSampling,0,0,363,2.573089838027954
364,ThompsonSampling,ThompsonSampling,0,0,364,3.032733678817749
365,ThompsonSampling,ThompsonSampling,0,0,365,2.7191321849823
366,ThompsonSampling,ThompsonSampling,0,0,366,2.8775570392608643
367,ThompsonSampling,ThompsonSampling,0,0,367,2.7033309936523438
368,ThompsonSampling,ThompsonSampling,0,0,368,2.7097654342651367
369,ThompsonSampling,ThompsonSampling,0,0,369,2.5781280994415283
370,ThompsonSampling,ThompsonSampling,0,0,370,2.939211368560791
371,ThompsonSampling,ThompsonSampling,0,0,371,3.2001583576202393
372,ThompsonSampling,ThompsonSampling,0,0,372,3.047229290008545
373,ThompsonSampling,ThompsonSampling,0,0,373,2.4963579177856445
374,ThompsonSampling,ThompsonSampling,0,0,374,2.8540117740631104
375,ThompsonSampling,ThompsonSampling,0,0,375,2.639415979385376
376,ThompsonSampling,ThompsonSampling,0,0,376,2.932485342025757
377,ThompsonSampling,ThompsonSampling,0,0,377,2.770015001296997
378,ThompsonSampling,ThompsonSampling,0,0,378,3.1661527156829834
379,ThompsonSampling,ThompsonSampling,0,0,379,3.197570562362671
380,ThompsonSampling,ThompsonSampling,0,0,380,2.5553598403930664
381,ThompsonSampling,ThompsonSampling,0,0,381,2.890340566635132
382,ThompsonSampling,ThompsonSampling,0,0,382,3.035139560699463
383,ThompsonSampling,ThompsonSampling,0,0,383,3.251737117767334
384,ThompsonSampling,ThompsonSampling,0,0,384,3.0481555461883545
385,ThompsonSampling,ThompsonSampling,0,0,385,2.7329092025756836
386,ThompsonSampling,ThompsonSampling,0,0,386,2.4971671104431152
387,ThompsonSampling,ThompsonSampling,0,0,387,2.723236560821533
388,ThompsonSampling,ThompsonSampling,0,0,388,3.0027401447296143
389,ThompsonSampling,ThompsonSampling,0,0,389,3.200037717819214
390,ThompsonSampling,ThompsonSampling,0,0,390,3.041353940963745
391,ThompsonSampling,ThompsonSampling,0,0,391,3.0679283142089844
392,ThompsonSampling,ThompsonSampling,0,0,392,2.906471014022827
393,ThompsonSampling,ThompsonSampling,0,0,393,3.040956735610962
394,ThompsonSampling,ThompsonSampling,0,0,394,2.1759047508239746
395,ThompsonSampling,ThompsonSampling,0,0,395,3.0301012992858887
396,ThompsonSampling,ThompsonSampling,0,0,396,2.536045551300049
397,ThompsonSampling,ThompsonSampling,0,0,397,3.700543165206909
398,ThompsonSampling,ThompsonSampling,0,0,398,2.705225944519043
399,ThompsonSampling,ThompsonSampling,0,0,399,2.897660970687866
400,ThompsonSampling,ThompsonSampling,0,0,400,2.982438325881958
401,ThompsonSampling,ThompsonSampling,0,0,401,3.151933193206787
402,ThompsonSampling,ThompsonSampling,0,0,402,2.892209053039551
403,ThompsonSampling,ThompsonSampling,0,0,403,3.114234447479248
404,ThompsonSampling,ThompsonSampling,0,0,404,3.0794878005981445
405,ThompsonSampling,ThompsonSampling,0,0,405,2.671720266342163
406,ThompsonSampling,ThompsonSampling,0,0,406,2.772361993789673
407,ThompsonSampling,ThompsonSampling,0,0,407,2.2738115787506104
408,ThompsonSampling,ThompsonSampling,0,0,408,3.0360312461853027
409,ThompsonSampling,ThompsonSampling,0,0,409,3.106175661087036
410,ThompsonSampling,ThompsonSampling,0,0,410,2.6941640377044678
411,ThompsonSampling,ThompsonSampling,0,0,411,2.635309934616089
412,ThompsonSampling,ThompsonSampling,0,0,412,2.6419923305511475
413,ThompsonSampling,ThompsonSampling,0,0,413,3.0371322631835938
414,ThompsonSampling,ThompsonSampling,0,0,414,4.11467170715332
415,ThompsonSampling,ThompsonSampling,0,0,415,3.6363322734832764
416,ThompsonSampling,ThompsonSampling,0,0,416,2.654301881790161
417,ThompsonSampling,ThompsonSampling,0,0,417,2.972757339477539
418,ThompsonSampling,ThompsonSampling,0,0,418,2.773369789123535
419,ThompsonSampling,ThompsonSampling,0,0,419,2.803934097290039
420,ThompsonSampling,ThompsonSampling,0,0,420,3.106586217880249
421,ThompsonSampling,ThompsonSampling,0,0,421,2.881127119064331
422,ThompsonSampling,ThompsonSampling,0,0,422,2.7096352577209473
423,ThompsonSampling,ThompsonSampling,0,0,423,2.8957359790802
424,ThompsonSampling,ThompsonSampling,0,0,424,2.651416540145874
425,ThompsonSampling,ThompsonSampling,0,0,425,2.6679084300994873
426,ThompsonSampling,ThompsonSampling,0,0,426,2.4725892543792725
427,ThompsonSampling,ThompsonSampling,0,0,427,3.344043731689453
428,ThompsonSampling,ThompsonSampling,0,0,428,2.526627779006958
429,ThompsonSampling,ThompsonSampling,0,0,429,2.9703845977783203
430,ThompsonSampling,ThompsonSampling,0,0,430,2.4386017322540283
431,ThompsonSampling,ThompsonSampling,0,0,431,3.46258807182312
432,ThompsonSampling,ThompsonSampling,0,0,432,3.2403454780578613
433,ThompsonSampling,ThompsonSampling,0,0,433,2.982013702392578
434,ThompsonSampling,ThompsonSampling,0,0,434,2.899000644683838
435,ThompsonSampling,ThompsonSampling,0,0,435,2.8622963428497314
436,ThompsonSampling,ThompsonSampling,0,0,436,2.681840658187866
437,ThompsonSampling,ThompsonSampling,0,0,437,2.590379476547241
438,ThompsonSampling,ThompsonSampling,0,0,438,2.7377371788024902
439,ThompsonSampling,ThompsonSampling,0,0,439,2.6192028522491455
440,ThompsonSampling,ThompsonSampling,0,0,440,4.1772942543029785
441,ThompsonSampling,ThompsonSampling,0,0,441,2.703948497772217
442,ThompsonSampling,ThompsonSampling,0,0,442,2.6812145709991455
443,ThompsonSampling,ThompsonSampling,0,0,443,3.682311534881592
444,ThompsonSampling,ThompsonSampling,0,0,444,2.7414512634277344
445,ThompsonSampling,ThompsonSampling,0,0,445,2.751476526260376
446,ThompsonSampling,ThompsonSampling,0,0,446,3.3686914443969727
447,ThompsonSampling,ThompsonSampling,0,0,447,2.5501506328582764
448,ThompsonSampling,ThompsonSampling,0,0,448,2.8974151611328125
449,ThompsonSampling,ThompsonSampling,0,0,449,3.47971248626709
450,ThompsonSampling,ThompsonSampling,0,0,450,2.606903076171875
451,ThompsonSampling,ThompsonSampling,0,0,451,2.6396121978759766
452,ThompsonSampling,ThompsonSampling,0,0,452,2.8943490982055664
453,ThompsonSampling,ThompsonSampling,0,0,453,3.2050302028656006
454,ThompsonSampling,ThompsonSampling,0,0,454,2.7020106315612793
455,ThompsonSampling,ThompsonSampling,0,0,455,3.5350565910339355
456,ThompsonSampling,ThompsonSampling,0,0,456,3.7314419746398926
457,ThompsonSampling,ThompsonSampling,0,0,457,3.045307159423828
458,ThompsonSampling,ThompsonSampling,0,0,458,2.587709665298462
459,ThompsonSampling,ThompsonSampling,0,0,459,2.386336088180542
460,ThompsonSampling,ThompsonSampling,0,0,460,2.693167209625244
461,ThompsonSampling,ThompsonSampling,0,0,461,2.9163763523101807
462,ThompsonSampling,ThompsonSampling,0,0,462,2.7574450969696045
463,ThompsonSampling,ThompsonSampling,0,0,463,3.365459442138672
464,ThompsonSampling,ThompsonSampling,0,0,464,2.8464298248291016
465,ThompsonSampling,ThompsonSampling,0,0,465,3.0100295543670654
466,ThompsonSampling,ThompsonSampling,0,0,466,3.2782840728759766
467,ThompsonSampling,ThompsonSampling,0,0,467,3.1755878925323486
468,ThompsonSampling,ThompsonSampling,0,0,468,3.1411330699920654
469,ThompsonSampling,ThompsonSampling,0,0,469,3.0346808433532715
470,ThompsonSampling,ThompsonSampling,0,0,470,2.474123954772949
471,ThompsonSampling,ThompsonSampling,0,0,471,3.076585054397583
472,ThompsonSampling,ThompsonSampling,0,0,472,2.718376636505127
473,ThompsonSampling,ThompsonSampling,0,0,473,2.342588186264038
474,ThompsonSampling,ThompsonSampling,0,0,474,2.3815057277679443
475,ThompsonSampling,ThompsonSampling,0,0,475,3.9446327686309814
476,ThompsonSampling,ThompsonSampling,0,0,476,2.487299680709839
477,ThompsonSampling,ThompsonSampling,0,0,477,3.111812114715576
478,ThompsonSampling,ThompsonSampling,0,0,478,2.579756021499634
479,ThompsonSampling,ThompsonSampling,0,0,479,2.7922523021698
480,ThompsonSampling,ThompsonSampling,0,0,480,3.2367448806762695
481,ThompsonSampling,ThompsonSampling,0,0,481,2.562023162841797
482,ThompsonSampling,ThompsonSampling,0,0,482,2.6986451148986816
483,ThompsonSampling,ThompsonSampling,0,0,483,2.57073974609375
484,ThompsonSampling,ThompsonSampling,0,0,484,2.728623628616333
485,ThompsonSampling,ThompsonSampling,0,0,485,2.0986578464508057
486,ThompsonSampling,ThompsonSampling,0,0,486,2.679816246032715
487,ThompsonSampling,ThompsonSampling,0,0,487,2.7091193199157715
488,ThompsonSampling,ThompsonSampling,0,0,488,2.86423659324646
489,ThompsonSampling,ThompsonSampling,0,0,489,2.789395809173584
490,ThompsonSampling,ThompsonSampling,0,0,490,2.596613883972168
491,ThompsonSampling,ThompsonSampling,0,0,491,2.9469776153564453
492,ThompsonSampling,ThompsonSampling,0,0,492,2.9058074951171875
493,ThompsonSampling,ThompsonSampling,0,0,493,2.795323371887207
494,ThompsonSampling,ThompsonSampling,0,0,494,2.792414665222168
495,ThompsonSampling,ThompsonSampling,0,0,495,2.983633279800415
496,ThompsonSampling,ThompsonSampling,0,0,496,2.5667977333068848
497,ThompsonSampling,ThompsonSampling,0,0,497,2.7790019512176514
498,ThompsonSampling,ThompsonSampling,0,0,498,2.8324155807495117
499,ThompsonSampling,ThompsonSampling,0,0,499,3.1333327293395996
500,ThompsonSampling,ThompsonSampling,0,0,500,2.739748239517212
501,ThompsonSampling,ThompsonSampling,0,0,501,3.247445821762085
502,ThompsonSampling,ThompsonSampling,0,0,502,2.7666544914245605
503,ThompsonSampling,ThompsonSampling,0,0,503,3.1317710876464844
504,ThompsonSampling,ThompsonSampling,0,0,504,3.61979603767395
505,ThompsonSampling,ThompsonSampling,0,0,505,2.8575079441070557
506,ThompsonSampling,ThompsonSampling,0,0,506,2.9220545291900635
507,ThompsonSampling,ThompsonSampling,0,0,507,2.872175693511963
508,ThompsonSampling,ThompsonSampling,0,0,508,2.709136962890625
509,ThompsonSampling,ThompsonSampling,0,0,509,3.183962345123291
510,ThompsonSampling,ThompsonSampling,0,0,510,2.8629088401794434
511,ThompsonSampling,ThompsonSampling,0,0,511,2.8060402870178223
512,ThompsonSampling,ThompsonSampling,0,0,512,2.6516754627227783
513,ThompsonSampling,ThompsonSampling,0,0,513,3.1490023136138916
514,ThompsonSampling,ThompsonSampling,0,0,514,2.9908461570739746
515,ThompsonSampling,ThompsonSampling,0,0,515,3.128326654434204
516,ThompsonSampling,ThompsonSampling,0,0,516,2.676792860031128
517,ThompsonSampling,ThompsonSampling,0,0,517,2.919872760772705
518,ThompsonSampling,ThompsonSampling,0,0,518,2.6328368186950684
519,ThompsonSampling,ThompsonSampling,0,0,519,2.7581207752227783
520,ThompsonSampling,ThompsonSampling,0,0,520,3.3956313133239746
521,ThompsonSampling,ThompsonSampling,0,0,521,2.969547986984253
522,ThompsonSampling,ThompsonSampling,0,0,522,3.4480481147766113
523,ThompsonSampling,ThompsonSampling,0,0,523,2.667271852493286
524,ThompsonSampling,ThompsonSampling,0,0,524,3.878092050552368
525,ThompsonSampling,ThompsonSampling,0,0,525,3.6695313453674316
526,ThompsonSampling,ThompsonSampling,0,0,526,2.788252592086792
527,ThompsonSampling,ThompsonSampling,0,0,527,3.110609292984009
528,ThompsonSampling,ThompsonSampling,0,0,528,2.744065284729004
529,ThompsonSampling,ThompsonSampling,0,0,529,2.7707486152648926
530,ThompsonSampling,ThompsonSampling,0,0,530,2.698413610458374
531,ThompsonSampling,ThompsonSampling,0,0,531,2.7075164318084717
532,ThompsonSampling,ThompsonSampling,0,0,532,2.5280041694641113
533,ThompsonSampling,ThompsonSampling,0,0,533,3.3718507289886475
534,ThompsonSampling,ThompsonSampling,0,0,534,2.8163769245147705
535,ThompsonSampling,ThompsonSampling,0,0,535,3.775834560394287
536,ThompsonSampling,ThompsonSampling,0,0,536,2.3405895233154297
537,ThompsonSampling,ThompsonSampling,0,0,537,2.3740663528442383
538,ThompsonSampling,ThompsonSampling,0,0,538,2.790076494216919
539,ThompsonSampling,ThompsonSampling,0,0,539,2.8312482833862305
540,ThompsonSampling,ThompsonSampling,0,0,540,3.5078420639038086
541,ThompsonSampling,ThompsonSampling,0,0,541,2.6954524517059326
542,ThompsonSampling,ThompsonSampling,0,0,542,3.043872833251953
543,ThompsonSampling,ThompsonSampling,0,0,543,2.4833781719207764
544,ThompsonSampling,ThompsonSampling,0,0,544,2.8078250885009766
545,ThompsonSampling,ThompsonSampling,0,0,545,2.893594741821289
546,ThompsonSampling,ThompsonSampling,0,0,546,2.73980450630188
547,ThompsonSampling,ThompsonSampling,0,0,547,2.8392765522003174
548,ThompsonSampling,ThompsonSampling,0,0,548,2.804515838623047
549,ThompsonSampling,ThompsonSampling,0,0,549,3.148247241973877
550,ThompsonSampling,ThompsonSampling,0,0,550,2.4926462173461914
551,ThompsonSampling,ThompsonSampling,0,0,551,2.5644681453704834
552,ThompsonSampling,ThompsonSampling,0,0,552,2.547060251235962
553,ThompsonSampling,ThompsonSampling,0,0,553,3.1860389709472656
554,ThompsonSampling,ThompsonSampling,0,0,554,3.5523288249969482
555,ThompsonSampling,ThompsonSampling,0,0,555,2.9002087116241455
556,ThompsonSampling,ThompsonSampling,0,0,556,2.731855869293213
557,ThompsonSampling,ThompsonSampling,0,0,557,3.187852621078491
558,ThompsonSampling,ThompsonSampling,0,0,558,2.48087739944458
559,ThompsonSampling,ThompsonSampling,0,0,559,2.8010287284851074
560,ThompsonSampling,ThompsonSampling,0,0,560,3.3037731647491455
561,ThompsonSampling,ThompsonSampling,0,0,561,2.8487772941589355
562,ThompsonSampling,ThompsonSampling,0,0,562,2.3552205562591553
563,ThompsonSampling,ThompsonSampling,0,0,563,2.4042470455169678
564,ThompsonSampling,ThompsonSampling,0,0,564,3.143465757369995
565,ThompsonSampling,ThompsonSampling,0,0,565,3.020214557647705
566,ThompsonSampling,ThompsonSampling,0,0,566,2.6051206588745117
567,ThompsonSampling,ThompsonSampling,0,0,567,3.142834424972534
568,ThompsonSampling,ThompsonSampling,0,0,568,2.7234346866607666
569,ThompsonSampling,ThompsonSampling,0,0,569,2.431820869445801
570,ThompsonSampling,ThompsonSampling,0,0,570,2.522582769393921
571,ThompsonSampling,ThompsonSampling,0,0,571,2.850783348083496
572,ThompsonSampling,ThompsonSampling,0,0,572,2.9934487342834473
573,ThompsonSampling,ThompsonSampling,0,0,573,2.891322612762451
574,ThompsonSampling,ThompsonSampling,0,0,574,3.462466239929199
575,ThompsonSampling,ThompsonSampling,0,0,575,2.8414835929870605
576,ThompsonSampling,ThompsonSampling,0,0,576,3.16208553314209
577,ThompsonSampling,ThompsonSampling,0,0,577,3.477114677429199
578,ThompsonSampling,ThompsonSampling,0,0,578,3.7080979347229004
579,ThompsonSampling,ThompsonSampling,0,0,579,2.5764853954315186
580,ThompsonSampling,ThompsonSampling,0,0,580,2.9193084239959717
581,ThompsonSampling,ThompsonSampling,0,0,581,2.6875076293945312
582,ThompsonSampling,ThompsonSampling,0,0,582,2.964939594268799
583,ThompsonSampling,ThompsonSampling,0,0,583,2.464473009109497
584,ThompsonSampling,ThompsonSampling,0,0,584,2.4601945877075195
585,ThompsonSampling,ThompsonSampling,0,0,585,2.9044127464294434
586,ThompsonSampling,ThompsonSampling,0,0,586,3.0157630443573
587,ThompsonSampling,ThompsonSampling,0,0,587,3.4224414825439453
588,ThompsonSampling,ThompsonSampling,0,0,588,2.1975831985473633
589,ThompsonSampling,ThompsonSampling,0,0,589,2.876025438308716
590,ThompsonSampling,ThompsonSampling,0,0,590,3.4198598861694336
591,ThompsonSampling,ThompsonSampling,0,0,591,2.26165771484375
592,ThompsonSampling,ThompsonSampling,0,0,592,2.9642462730407715
593,ThompsonSampling,ThompsonSampling,0,0,593,2.9733970165252686
594,ThompsonSampling,ThompsonSampling,0,0,594,3.2370336055755615
595,ThompsonSampling,ThompsonSampling,0,0,595,2.6273536682128906
596,ThompsonSampling,ThompsonSampling,0,0,596,3.7189738750457764
597,ThompsonSampling,ThompsonSampling,0,0,597,2.6866681575775146
598,ThompsonSampling,ThompsonSampling,0,0,598,2.9584662914276123
599,ThompsonSampling,ThompsonSampling,0,0,599,2.605257511138916
600,ThompsonSampling,ThompsonSampling,0,0,600,3.0811126232147217
601,ThompsonSampling,ThompsonSampling,0,0,601,2.6005260944366455
602,ThompsonSampling,ThompsonSampling,0,0,602,2.5331528186798096
603,ThompsonSampling,ThompsonSampling,0,0,603,2.4247097969055176
604,ThompsonSampling,ThompsonSampling,0,0,604,3.662496328353882
605,ThompsonSampling,ThompsonSampling,0,0,605,2.68440580368042
606,ThompsonSampling,ThompsonSampling,0,0,606,2.656097650527954
607,ThompsonSampling,ThompsonSampling,0,0,607,2.596785545349121
608,ThompsonSampling,ThompsonSampling,0,0,608,2.396040201187134
609,ThompsonSampling,ThompsonSampling,0,0,609,2.932607412338257
610,ThompsonSampling,ThompsonSampling,0,0,610,3.625464677810669
611,ThompsonSampling,ThompsonSampling,0,0,611,3.3348770141601562
612,ThompsonSampling,ThompsonSampling,0,0,612,2.3743321895599365
613,ThompsonSampling,ThompsonSampling,0,0,613,2.7782552242279053
614,ThompsonSampling,ThompsonSampling,0,0,614,3.53438401222229
615,ThompsonSampling,ThompsonSampling,0,0,615,2.9770655632019043
616,ThompsonSampling,ThompsonSampling,0,0,616,2.7237050533294678
617,ThompsonSampling,ThompsonSampling,0,0,617,3.39139461517334
618,ThompsonSampling,ThompsonSampling,0,0,618,2.9537105560302734
619,ThompsonSampling,ThompsonSampling,0,0,619,3.3591296672821045
620,ThompsonSampling,ThompsonSampling,0,0,620,2.6038434505462646
621,ThompsonSampling,ThompsonSampling,0,0,621,2.460785150527954
622,ThompsonSampling,ThompsonSampling,0,0,622,2.5659749507904053
623,ThompsonSampling,ThompsonSampling,0,0,623,2.570901393890381
624,ThompsonSampling,ThompsonSampling,0,0,624,2.8897342681884766
625,ThompsonSampling,ThompsonSampling,0,0,625,2.6879169940948486
626,ThompsonSampling,ThompsonSampling,0,0,626,2.816152572631836
627,ThompsonSampling,ThompsonSampling,0,0,627,2.4534075260162354
628,ThompsonSampling,ThompsonSampling,0,0,628,2.5336556434631348
629,ThompsonSampling,ThompsonSampling,0,0,629,2.93902325630188
630,ThompsonSampling,ThompsonSampling,0,0,630,2.5610456466674805
631,ThompsonSampling,ThompsonSampling,0,0,631,2.44175386428833
632,ThompsonSampling,ThompsonSampling,0,0,632,2.621131658554077
633,ThompsonSampling,ThompsonSampling,0,0,633,2.8882555961608887
634,ThompsonSampling,ThompsonSampling,0,0,634,3.001897096633911
635,ThompsonSampling,ThompsonSampling,0,0,635,3.276455879211426
636,ThompsonSampling,ThompsonSampling,0,0,636,3.3755412101745605
637,ThompsonSampling,ThompsonSampling,0,0,637,2.510671615600586
638,ThompsonSampling,ThompsonSampling,0,0,638,2.7828481197357178
639,ThompsonSampling,ThompsonSampling,0,0,639,2.536518096923828
640,ThompsonSampling,ThompsonSampling,0,0,640,2.8104631900787354
641,ThompsonSampling,ThompsonSampling,0,0,641,3.1032450199127197
642,ThompsonSampling,ThompsonSampling,0,0,642,3.160452365875244
643,ThompsonSampling,ThompsonSampling,0,0,643,2.5731685161590576
644,ThompsonSampling,ThompsonSampling,0,0,644,3.586057662963867
645,ThompsonSampling,ThompsonSampling,0,0,645,2.1935276985168457
646,ThompsonSampling,ThompsonSampling,0,0,646,3.5192596912384033
647,ThompsonSampling,ThompsonSampling,0,0,647,2.4374125003814697
648,ThompsonSampling,ThompsonSampling,0,0,648,2.786956787109375
649,ThompsonSampling,ThompsonSampling,0,0,649,2.70436692237854
650,ThompsonSampling,ThompsonSampling,0,0,650,3.2262990474700928
651,ThompsonSampling,ThompsonSampling,0,0,651,3.1295862197875977
652,ThompsonSampling,ThompsonSampling,0,0,652,3.4470436573028564
653,ThompsonSampling,ThompsonSampling,0,0,653,2.448021411895752
654,ThompsonSampling,ThompsonSampling,0,0,654,2.2236881256103516
655,ThompsonSampling,ThompsonSampling,0,0,655,3.7181286811828613
656,ThompsonSampling,ThompsonSampling,0,0,656,2.4779245853424072
657,ThompsonSampling,ThompsonSampling,0,0,657,2.650259256362915
658,ThompsonSampling,ThompsonSampling,0,0,658,2.822335958480835
659,ThompsonSampling,ThompsonSampling,0,0,659,2.8960232734680176
660,ThompsonSampling,ThompsonSampling,0,0,660,2.8024966716766357
661,ThompsonSampling,ThompsonSampling,0,0,661,2.947528600692749
662,ThompsonSampling,ThompsonSampling,0,0,662,2.377678632736206
663,ThompsonSampling,ThompsonSampling,0,0,663,2.7399206161499023
664,ThompsonSampling,ThompsonSampling,0,0,664,3.911081314086914
665,ThompsonSampling,ThompsonSampling,0,0,665,2.858132839202881
666,ThompsonSampling,ThompsonSampling,0,0,666,3.1810286045074463
667,ThompsonSampling,ThompsonSampling,0,0,667,2.361069917678833
668,ThompsonSampling,ThompsonSampling,0,0,668,3.291870594024658
669,ThompsonSampling,ThompsonSampling,0,0,669,3.220618963241577
670,ThompsonSampling,ThompsonSampling,0,0,670,2.866162061691284
671,ThompsonSampling,ThompsonSampling,0,0,671,2.9732167720794678
672,ThompsonSampling,ThompsonSampling,0,0,672,3.3841235637664795
673,ThompsonSampling,ThompsonSampling,0,0,673,3.5030882358551025
674,ThompsonSampling,ThompsonSampling,0,0,674,2.828672170639038
675,ThompsonSampling,ThompsonSampling,0,0,675,3.1958398818969727
676,ThompsonSampling,ThompsonSampling,0,0,676,3.1999757289886475
677,ThompsonSampling,ThompsonSampling,0,0,677,3.7503480911254883
678,ThompsonSampling,ThompsonSampling,0,0,678,4.099093437194824
679,ThompsonSampling,ThompsonSampling,0,0,679,3.242091417312622
680,ThompsonSampling,ThompsonSampling,0,0,680,3.1810970306396484
681,ThompsonSampling,ThompsonSampling,0,0,681,2.9729535579681396
682,ThompsonSampling,ThompsonSampling,0,0,682,4.201610565185547
683,ThompsonSampling,ThompsonSampling,0,0,683,2.4904868602752686
684,ThompsonSampling,ThompsonSampling,0,0,684,2.705566644668579
685,ThompsonSampling,ThompsonSampling,0,0,685,3.515357494354248
686,ThompsonSampling,ThompsonSampling,0,0,686,2.649007797241211
687,ThompsonSampling,ThompsonSampling,0,0,687,3.222184419631958
688,ThompsonSampling,ThompsonSampling,0,0,688,2.4451515674591064
689,ThompsonSampling,ThompsonSampling,0,0,689,3.2010223865509033
690,ThompsonSampling,ThompsonSampling,0,0,690,2.791823625564575
691,ThompsonSampling,ThompsonSampling,0,0,691,3.38848876953125
692,ThompsonSampling,ThompsonSampling,0,0,692,3.1314070224761963
693,ThompsonSampling,ThompsonSampling,0,0,693,2.562311887741089
694,ThompsonSampling,ThompsonSampling,0,0,694,2.3890066146850586
695,ThompsonSampling,ThompsonSampling,0,0,695,2.675537109375
696,ThompsonSampling,ThompsonSampling,0,0,696,3.155722141265869
697,ThompsonSampling,ThompsonSampling,0,0,697,2.414644718170166
698,ThompsonSampling,ThompsonSampling,0,0,698,2.644561767578125
699,ThompsonSampling,ThompsonSampling,0,0,699,3.197484254837036
700,ThompsonSampling,ThompsonSampling,0,0,700,2.4748315811157227
701,ThompsonSampling,ThompsonSampling,0,0,701,2.8555104732513428
702,ThompsonSampling,ThompsonSampling,0,0,702,3.3675615787506104
703,ThompsonSampling,ThompsonSampling,0,0,703,3.133561849594116
704,ThompsonSampling,ThompsonSampling,0,0,704,2.6649484634399414
705,ThompsonSampling,ThompsonSampling,0,0,705,2.4832634925842285
706,ThompsonSampling,ThompsonSampling,0,0,706,2.894237518310547
707,ThompsonSampling,ThompsonSampling,0,0,707,2.9958078861236572
708,ThompsonSampling,ThompsonSampling,0,0,708,2.5147242546081543
709,ThompsonSampling,ThompsonSampling,0,0,709,3.2810540199279785
710,ThompsonSampling,ThompsonSampling,0,0,710,3.273641347885132
711,ThompsonSampling,ThompsonSampling,0,0,711,2.714648723602295
712,ThompsonSampling,ThompsonSampling,0,0,712,3.0339012145996094
713,ThompsonSampling,ThompsonSampling,0,0,713,2.3230934143066406
714,ThompsonSampling,ThompsonSampling,0,0,714,3.009925603866577
715,ThompsonSampling,ThompsonSampling,0,0,715,3.399336576461792
716,ThompsonSampling,ThompsonSampling,0,0,716,3.156352996826172
717,ThompsonSampling,ThompsonSampling,0,0,717,2.7778701782226562
718,ThompsonSampling,ThompsonSampling,0,0,718,3.4931721687316895
719,ThompsonSampling,ThompsonSampling,0,0,719,2.4069900512695312
720,ThompsonSampling,ThompsonSampling,0,0,720,2.523221254348755
721,ThompsonSampling,ThompsonSampling,0,0,721,2.440303325653076
722,ThompsonSampling,ThompsonSampling,0,0,722,2.5983686447143555
723,ThompsonSampling,ThompsonSampling,0,0,723,2.564446210861206
724,ThompsonSampling,ThompsonSampling,0,0,724,2.7595436573028564
725,ThompsonSampling,ThompsonSampling,0,0,725,2.3815839290618896
726,ThompsonSampling,ThompsonSampling,0,0,726,2.556903839111328
727,ThompsonSampling,ThompsonSampling,0,0,727,1.9997546672821045
728,ThompsonSampling,ThompsonSampling,0,0,728,2.7908191680908203
729,ThompsonSampling,ThompsonSampling,0,0,729,2.749852180480957
730,ThompsonSampling,ThompsonSampling,0,0,730,2.4859395027160645
731,ThompsonSampling,ThompsonSampling,0,0,731,2.4762156009674072
732,ThompsonSampling,ThompsonSampling,0,0,732,4.033492565155029
733,ThompsonSampling,ThompsonSampling,0,0,733,3.1775565147399902
734,ThompsonSampling,ThompsonSampling,0,0,734,2.3756561279296875
735,ThompsonSampling,ThompsonSampling,0,0,735,2.4625790119171143
736,ThompsonSampling,ThompsonSampling,0,0,736,3.2305104732513428
737,ThompsonSampling,ThompsonSampling,0,0,737,2.5648698806762695
738,ThompsonSampling,ThompsonSampling,0,0,738,2.3645341396331787
739,ThompsonSampling,ThompsonSampling,0,0,739,2.696277618408203
740,ThompsonSampling,ThompsonSampling,0,0,740,2.9347662925720215
741,ThompsonSampling,ThompsonSampling,0,0,741,2.2564022541046143
742,ThompsonSampling,ThompsonSampling,0,0,742,3.1930763721466064
743,ThompsonSampling,ThompsonSampling,0,0,743,2.5547304153442383
744,ThompsonSampling,ThompsonSampling,0,0,744,2.692166328430176
745,ThompsonSampling,ThompsonSampling,0,0,745,2.9156789779663086
746,ThompsonSampling,ThompsonSampling,0,0,746,2.6336660385131836
747,ThompsonSampling,ThompsonSampling,0,0,747,2.4723682403564453
748,ThompsonSampling,ThompsonSampling,0,0,748,3.295200824737549
749,ThompsonSampling,ThompsonSampling,0,0,749,2.796870231628418
750,ThompsonSampling,ThompsonSampling,0,0,750,3.234339714050293
751,ThompsonSampling,ThompsonSampling,0,0,751,2.9384067058563232
752,ThompsonSampling,ThompsonSampling,0,0,752,3.522616147994995
753,ThompsonSampling,ThompsonSampling,0,0,753,3.0430853366851807
754,ThompsonSampling,ThompsonSampling,0,0,754,2.4678659439086914
755,ThompsonSampling,ThompsonSampling,0,0,755,2.4307658672332764
756,ThompsonSampling,ThompsonSampling,0,0,756,3.080045461654663
757,ThompsonSampling,ThompsonSampling,0,0,757,3.4759809970855713
758,ThompsonSampling,ThompsonSampling,0,0,758,2.436168670654297
759,ThompsonSampling,ThompsonSampling,0,0,759,3.4600658416748047
760,ThompsonSampling,ThompsonSampling,0,0,760,3.3131210803985596
761,ThompsonSampling,ThompsonSampling,0,0,761,2.435317039489746
762,ThompsonSampling,ThompsonSampling,0,0,762,2.577251434326172
763,ThompsonSampling,ThompsonSampling,0,0,763,4.110823631286621
764,ThompsonSampling,ThompsonSampling,0,0,764,2.3082547187805176
765,ThompsonSampling,ThompsonSampling,0,0,765,3.3363850116729736
766,ThompsonSampling,ThompsonSampling,0,0,766,2.5620803833007812
767,ThompsonSampling,ThompsonSampling,0,0,767,3.043292284011841
768,ThompsonSampling,ThompsonSampling,0,0,768,2.79425311088562
769,ThompsonSampling,ThompsonSampling,0,0,769,2.7198665142059326
770,ThompsonSampling,ThompsonSampling,0,0,770,2.7004404067993164
771,ThompsonSampling,ThompsonSampling,0,0,771,2.623210906982422
772,ThompsonSampling,ThompsonSampling,0,0,772,2.643641233444214
773,ThompsonSampling,ThompsonSampling,0,0,773,3.3109397888183594
774,ThompsonSampling,ThompsonSampling,0,0,774,2.885801076889038
775,ThompsonSampling,ThompsonSampling,0,0,775,3.3068196773529053
776,ThompsonSampling,ThompsonSampling,0,0,776,3.0774965286254883
777,ThompsonSampling,ThompsonSampling,0,0,777,2.8095667362213135
778,ThompsonSampling,ThompsonSampling,0,0,778,2.6718928813934326
779,ThompsonSampling,ThompsonSampling,0,0,779,2.9463448524475098
780,ThompsonSampling,ThompsonSampling,0,0,780,3.0257837772369385
781,ThompsonSampling,ThompsonSampling,0,0,781,2.7409818172454834
782,ThompsonSampling,ThompsonSampling,0,0,782,2.821652412414551
783,ThompsonSampling,ThompsonSampling,0,0,783,2.6819794178009033
784,ThompsonSampling,ThompsonSampling,0,0,784,2.617784261703491
785,ThompsonSampling,ThompsonSampling,0,0,785,3.091670274734497
786,ThompsonSampling,ThompsonSampling,0,0,786,3.0990724563598633
787,ThompsonSampling,ThompsonSampling,0,0,787,2.5676016807556152
788,ThompsonSampling,ThompsonSampling,0,0,788,3.1287667751312256
789,ThompsonSampling,ThompsonSampling,0,0,789,3.5681326389312744
790,ThompsonSampling,ThompsonSampling,0,0,790,2.4159343242645264
791,ThompsonSampling,ThompsonSampling,0,0,791,2.8435778617858887
792,ThompsonSampling,ThompsonSampling,0,0,792,3.0682661533355713
793,ThompsonSampling,ThompsonSampling,0,0,793,2.958071231842041
794,ThompsonSampling,ThompsonSampling,0,0,794,2.858366012573242
795,ThompsonSampling,ThompsonSampling,0,0,795,2.7222495079040527
796,ThompsonSampling,ThompsonSampling,0,0,796,3.3906567096710205
797,ThompsonSampling,ThompsonSampling,0,0,797,3.522555351257324
798,ThompsonSampling,ThompsonSampling,0,0,798,2.7409660816192627
799,ThompsonSampling,ThompsonSampling,0,0,799,2.598123788833618
800,ThompsonSampling,ThompsonSampling,0,0,800,2.7813243865966797
801,ThompsonSampling,ThompsonSampling,0,0,801,3.0950660705566406
802,ThompsonSampling,ThompsonSampling,0,0,802,2.802100896835327
803,ThompsonSampling,ThompsonSampling,0,0,803,2.6793620586395264
804,ThompsonSampling,ThompsonSampling,0,0,804,3.1467514038085938
805,ThompsonSampling,ThompsonSampling,0,0,805,2.7595443725585938
806,ThompsonSampling,ThompsonSampling,0,0,806,2.8355424404144287
807,ThompsonSampling,ThompsonSampling,0,0,807,2.997699737548828
808,ThompsonSampling,ThompsonSampling,0,0,808,2.6463840007781982
809,ThompsonSampling,ThompsonSampling,0,0,809,2.8356680870056152
810,ThompsonSampling,ThompsonSampling,0,0,810,2.8496437072753906
811,ThompsonSampling,ThompsonSampling,0,0,811,2.7348010540008545
812,ThompsonSampling,ThompsonSampling,0,0,812,2.509917736053467
813,ThompsonSampling,ThompsonSampling,0,0,813,3.0301594734191895
814,ThompsonSampling,ThompsonSampling,0,0,814,3.0616519451141357
815,ThompsonSampling,ThompsonSampling,0,0,815,3.188178777694702
816,ThompsonSampling,ThompsonSampling,0,0,816,3.4695827960968018
817,ThompsonSampling,ThompsonSampling,0,0,817,2.9889421463012695
818,ThompsonSampling,ThompsonSampling,0,0,818,4.163846492767334
819,ThompsonSampling,ThompsonSampling,0,0,819,2.6053457260131836
820,ThompsonSampling,ThompsonSampling,0,0,820,3.1412734985351562
821,ThompsonSampling,ThompsonSampling,0,0,821,3.208817720413208
822,ThompsonSampling,ThompsonSampling,0,0,822,2.47805118560791
823,ThompsonSampling,ThompsonSampling,0,0,823,2.9157185554504395
824,ThompsonSampling,ThompsonSampling,0,0,824,2.5662198066711426
825,ThompsonSampling,ThompsonSampling,0,0,825,2.6216180324554443
826,ThompsonSampling,ThompsonSampling,0,0,826,2.8508787155151367
827,ThompsonSampling,ThompsonSampling,0,0,827,3.4836394786834717
828,ThompsonSampling,ThompsonSampling,0,0,828,2.5071091651916504
829,ThompsonSampling,ThompsonSampling,0,0,829,3.292961597442627
830,ThompsonSampling,ThompsonSampling,0,0,830,3.14040470123291
831,ThompsonSampling,ThompsonSampling,0,0,831,2.8636016845703125
832,ThompsonSampling,ThompsonSampling,0,0,832,2.8438827991485596
833,ThompsonSampling,ThompsonSampling,0,0,833,3.0083510875701904
834,ThompsonSampling,ThompsonSampling,0,0,834,3.0232481956481934
835,ThompsonSampling,ThompsonSampling,0,0,835,2.4976084232330322
836,ThompsonSampling,ThompsonSampling,0,0,836,2.6136152744293213
837,ThompsonSampling,ThompsonSampling,0,0,837,2.6012845039367676
838,ThompsonSampling,ThompsonSampling,0,0,838,2.8723771572113037
839,ThompsonSampling,ThompsonSampling,0,0,839,3.3766722679138184
840,ThompsonSampling,ThompsonSampling,0,0,840,2.5390377044677734
841,ThompsonSampling,ThompsonSampling,0,0,841,3.0571658611297607
842,ThompsonSampling,ThompsonSampling,0,0,842,2.972522497177124
843,ThompsonSampling,ThompsonSampling,0,0,843,3.5101630687713623
844,ThompsonSampling,ThompsonSampling,0,0,844,2.8473408222198486
845,ThompsonSampling,ThompsonSampling,0,0,845,2.722991943359375
846,ThompsonSampling,ThompsonSampling,0,0,846,2.8808560371398926
847,ThompsonSampling,ThompsonSampling,0,0,847,2.895862102508545
848,ThompsonSampling,ThompsonSampling,0,0,848,3.609269618988037
849,ThompsonSampling,ThompsonSampling,0,0,849,3.168628215789795
850,ThompsonSampling,ThompsonSampling,0,0,850,2.630453109741211
851,ThompsonSampling,ThompsonSampling,0,0,851,3.281247615814209
852,ThompsonSampling,ThompsonSampling,0,0,852,3.107421398162842
853,ThompsonSampling,ThompsonSampling,0,0,853,3.0074453353881836
854,ThompsonSampling,ThompsonSampling,0,0,854,3.465681552886963
855,ThompsonSampling,ThompsonSampling,0,0,855,2.5976779460906982
856,ThompsonSampling,ThompsonSampling,0,0,856,2.3626341819763184
857,ThompsonSampling,ThompsonSampling,0,0,857,2.830615758895874
858,ThompsonSampling,ThompsonSampling,0,0,858,2.354626417160034
859,ThompsonSampling,ThompsonSampling,0,0,859,3.100945234298706
860,ThompsonSampling,ThompsonSampling,0,0,860,2.198207139968872
861,ThompsonSampling,ThompsonSampling,0,0,861,2.9569528102874756
862,ThompsonSampling,ThompsonSampling,0,0,862,2.4515814781188965
863,ThompsonSampling,ThompsonSampling,0,0,863,3.635228395462036
864,ThompsonSampling,ThompsonSampling,0,0,864,2.649127721786499
865,ThompsonSampling,ThompsonSampling,0,0,865,4.020195007324219
866,ThompsonSampling,ThompsonSampling,0,0,866,3.742868423461914
867,ThompsonSampling,ThompsonSampling,0,0,867,3.371979236602783
868,ThompsonSampling,ThompsonSampling,0,0,868,3.0817182064056396
869,ThompsonSampling,ThompsonSampling,0,0,869,2.770498514175415
870,ThompsonSampling,ThompsonSampling,0,0,870,3.604336738586426
871,ThompsonSampling,ThompsonSampling,0,0,871,2.3631396293640137
872,ThompsonSampling,ThompsonSampling,0,0,872,2.4564197063446045
873,ThompsonSampling,ThompsonSampling,0,0,873,2.882797956466675
874,ThompsonSampling,ThompsonSampling,0,0,874,2.8254971504211426
875,ThompsonSampling,ThompsonSampling,0,0,875,2.603102922439575
876,ThompsonSampling,ThompsonSampling,0,0,876,3.223872184753418
877,ThompsonSampling,ThompsonSampling,0,0,877,2.856545925140381
878,ThompsonSampling,ThompsonSampling,0,0,878,2.952991485595703
879,ThompsonSampling,ThompsonSampling,0,0,879,3.06427001953125
880,ThompsonSampling,ThompsonSampling,0,0,880,3.17140531539917
881,ThompsonSampling,ThompsonSampling,0,0,881,2.640535831451416
882,ThompsonSampling,ThompsonSampling,0,0,882,2.817579507827759
883,ThompsonSampling,ThompsonSampling,0,0,883,3.5047812461853027
884,ThompsonSampling,ThompsonSampling,0,0,884,2.8152644634246826
885,ThompsonSampling,ThompsonSampling,0,0,885,2.845935583114624
886,ThompsonSampling,ThompsonSampling,0,0,886,3.8262035846710205
887,ThompsonSampling,ThompsonSampling,0,0,887,2.482215642929077
888,ThompsonSampling,ThompsonSampling,0,0,888,2.6284210681915283
889,ThompsonSampling,ThompsonSampling,0,0,889,2.6416783332824707
890,ThompsonSampling,ThompsonSampling,0,0,890,3.5676870346069336
891,ThompsonSampling,ThompsonSampling,0,0,891,3.260821580886841
892,ThompsonSampling,ThompsonSampling,0,0,892,2.2104897499084473
893,ThompsonSampling,ThompsonSampling,0,0,893,2.7804529666900635
894,ThompsonSampling,ThompsonSampling,0,0,894,2.854579210281372
895,ThompsonSampling,ThompsonSampling,0,0,895,2.849759340286255
896,ThompsonSampling,ThompsonSampling,0,0,896,3.141557216644287
897,ThompsonSampling,ThompsonSampling,0,0,897,3.732722282409668
898,ThompsonSampling,ThompsonSampling,0,0,898,2.676536798477173
899,ThompsonSampling,ThompsonSampling,0,0,899,3.236393690109253
900,ThompsonSampling,ThompsonSampling,0,0,900,2.8611648082733154
901,ThompsonSampling,ThompsonSampling,0,0,901,3.0659499168395996
902,ThompsonSampling,ThompsonSampling,0,0,902,2.7282228469848633
903,ThompsonSampling,ThompsonSampling,0,0,903,2.7531776428222656
904,ThompsonSampling,ThompsonSampling,0,0,904,2.745915174484253
905,ThompsonSampling,ThompsonSampling,0,0,905,2.5853641033172607
906,ThompsonSampling,ThompsonSampling,0,0,906,2.6750407218933105
907,ThompsonSampling,ThompsonSampling,0,0,907,3.184176445007324
908,ThompsonSampling,ThompsonSampling,0,0,908,2.76252818107605
909,ThompsonSampling,ThompsonSampling,0,0,909,2.864178419113159
910,ThompsonSampling,ThompsonSampling,0,0,910,2.9764559268951416
911,ThompsonSampling,ThompsonSampling,0,0,911,2.8105287551879883
912,ThompsonSampling,ThompsonSampling,0,0,912,2.7633700370788574
913,ThompsonSampling,ThompsonSampling,0,0,913,3.0635600090026855
914,ThompsonSampling,ThompsonSampling,0,0,914,3.4664268493652344
915,ThompsonSampling,ThompsonSampling,0,0,915,2.5256948471069336
916,ThompsonSampling,ThompsonSampling,0,0,916,2.470269203186035
917,ThompsonSampling,ThompsonSampling,0,0,917,2.3676512241363525
918,ThompsonSampling,ThompsonSampling,0,0,918,3.5645198822021484
919,ThompsonSampling,ThompsonSampling,0,0,919,2.4209980964660645
920,ThompsonSampling,ThompsonSampling,0,0,920,2.455320358276367
921,ThompsonSampling,ThompsonSampling,0,0,921,3.0286848545074463
922,ThompsonSampling,ThompsonSampling,0,0,922,2.7579736709594727
923,ThompsonSampling,ThompsonSampling,0,0,923,3.295808792114258
924,ThompsonSampling,ThompsonSampling,0,0,924,2.7796599864959717
925,ThompsonSampling,ThompsonSampling,0,0,925,2.3470399379730225
926,ThompsonSampling,ThompsonSampling,0,0,926,3.48392391204834
927,ThompsonSampling,ThompsonSampling,0,0,927,3.345984935760498
928,ThompsonSampling,ThompsonSampling,0,0,928,3.141521453857422
929,ThompsonSampling,ThompsonSampling,0,0,929,2.601816415786743
930,ThompsonSampling,ThompsonSampling,0,0,930,2.529036045074463
931,ThompsonSampling,ThompsonSampling,0,0,931,2.818779468536377
932,ThompsonSampling,ThompsonSampling,0,0,932,2.4220430850982666
933,ThompsonSampling,ThompsonSampling,0,0,933,3.034055233001709
934,ThompsonSampling,ThompsonSampling,0,0,934,2.673522472381592
935,ThompsonSampling,ThompsonSampling,0,0,935,2.9524145126342773
936,ThompsonSampling,ThompsonSampling,0,0,936,2.835460901260376
937,ThompsonSampling,ThompsonSampling,0,0,937,2.6896462440490723
938,ThompsonSampling,ThompsonSampling,0,0,938,2.894958257675171
939,ThompsonSampling,ThompsonSampling,0,0,939,2.9224469661712646
940,ThompsonSampling,ThompsonSampling,0,0,940,2.938271999359131
941,ThompsonSampling,ThompsonSampling,0,0,941,2.4190685749053955
942,ThompsonSampling,ThompsonSampling,0,0,942,2.4110889434814453
943,ThompsonSampling,ThompsonSampling,0,0,943,2.9074549674987793
944,ThompsonSampling,ThompsonSampling,0,0,944,2.7071571350097656
945,ThompsonSampling,ThompsonSampling,0,0,945,2.8988382816314697
946,ThompsonSampling,ThompsonSampling,0,0,946,3.2109949588775635
947,ThompsonSampling,ThompsonSampling,0,0,947,3.1670339107513428
948,ThompsonSampling,ThompsonSampling,0,0,948,2.9443230628967285
949,ThompsonSampling,ThompsonSampling,0,0,949,3.319885730743408
950,ThompsonSampling,ThompsonSampling,0,0,950,3.2774336338043213
951,ThompsonSampling,ThompsonSampling,0,0,951,2.68841814994812
952,ThompsonSampling,ThompsonSampling,0,0,952,3.0698537826538086
953,ThompsonSampling,ThompsonSampling,0,0,953,2.685049295425415
954,ThompsonSampling,ThompsonSampling,0,0,954,2.887050151824951
955,ThompsonSampling,ThompsonSampling,0,0,955,2.906656265258789
956,ThompsonSampling,ThompsonSampling,0,0,956,3.2776880264282227
957,ThompsonSampling,ThompsonSampling,0,0,957,2.529170274734497
958,ThompsonSampling,ThompsonSampling,0,0,958,3.0924758911132812
959,ThompsonSampling,ThompsonSampling,0,0,959,2.678117513656616
960,ThompsonSampling,ThompsonSampling,0,0,960,2.4641425609588623
961,ThompsonSampling,ThompsonSampling,0,0,961,2.5888803005218506
962,ThompsonSampling,ThompsonSampling,0,0,962,2.928739070892334
963,ThompsonSampling,ThompsonSampling,0,0,963,3.4479119777679443
964,ThompsonSampling,ThompsonSampling,0,0,964,3.114912509918213
965,ThompsonSampling,ThompsonSampling,0,0,965,2.5730011463165283
966,ThompsonSampling,ThompsonSampling,0,0,966,3.3137238025665283
967,ThompsonSampling,ThompsonSampling,0,0,967,2.715190887451172
968,ThompsonSampling,ThompsonSampling,0,0,968,2.444416046142578
969,ThompsonSampling,ThompsonSampling,0,0,969,3.1679787635803223
970,ThompsonSampling,ThompsonSampling,0,0,970,3.1208693981170654
971,ThompsonSampling,ThompsonSampling,0,0,971,3.739647388458252
972,ThompsonSampling,ThompsonSampling,0,0,972,3.726663112640381
973,ThompsonSampling,ThompsonSampling,0,0,973,2.5800137519836426
974,ThompsonSampling,ThompsonSampling,0,0,974,3.421081304550171
975,ThompsonSampling,ThompsonSampling,0,0,975,3.1161468029022217
976,ThompsonSampling,ThompsonSampling,0,0,976,2.5784120559692383
977,ThompsonSampling,ThompsonSampling,0,0,977,2.3079662322998047
978,ThompsonSampling,ThompsonSampling,0,0,978,2.7009260654449463
979,ThompsonSampling,ThompsonSampling,0,0,979,2.3121585845947266
980,ThompsonSampling,ThompsonSampling,0,0,980,3.0766775608062744
981,ThompsonSampling,ThompsonSampling,0,0,981,2.548262596130371
982,ThompsonSampling,ThompsonSampling,0,0,982,2.9440627098083496
983,ThompsonSampling,ThompsonSampling,0,0,983,2.399946689605713
984,ThompsonSampling,ThompsonSampling,0,0,984,2.739293336868286
985,ThompsonSampling,ThompsonSampling,0,0,985,3.3069398403167725
986,ThompsonSampling,ThompsonSampling,0,0,986,3.181180000305176
987,ThompsonSampling,ThompsonSampling,0,0,987,2.918259859085083
988,ThompsonSampling,ThompsonSampling,0,0,988,2.7714309692382812
989,ThompsonSampling,ThompsonSampling,0,0,989,3.2364261150360107
990,ThompsonSampling,ThompsonSampling,0,0,990,2.4776499271392822
991,ThompsonSampling,ThompsonSampling,0,0,991,3.1208324432373047
992,ThompsonSampling,ThompsonSampling,0,0,992,3.315662145614624
993,ThompsonSampling,ThompsonSampling,0,0,993,2.5890486240386963
994,ThompsonSampling,ThompsonSampling,0,0,994,2.4655911922454834
995,ThompsonSampling,ThompsonSampling,0,0,995,2.9283413887023926
996,ThompsonSampling,ThompsonSampling,0,0,996,2.9564874172210693
997,ThompsonSampling,ThompsonSampling,0,0,997,2.537008285522461
998,ThompsonSampling,ThompsonSampling,0,0,998,2.969189167022705
999,ThompsonSampling,ThompsonSampling,0,0,999,3.0382609367370605
1000,ThompsonSampling,MaxProbabilityOfImprovement,0,0,0,0.4332773685455322
1001,ThompsonSampling,MaxUCB,0,0,0,2.0384156703948975
1002,ThompsonSampling,MaxExpectedImprovement,0,0,0,0.09419293701648712
